server,connections,established,setup_ms,connect_max_us,ack_max_us,requests,errors,mismatches,wall_ms,throughput_rps,mean_us,p50_us,p90_us,p99_us,p999_us,max_us
sequential_server,1,1,0.2,128.8,300.0,200,0,0,9.3,21440,44.8,46.6,59.9,67.8,77.6,79.1
sequential_server,2,2,0.2,131.3,5431.6,400,0,0,14.5,27527,35.1,38.1,54.3,63.6,81.1,89.9
sequential_server,4,4,0.3,224.2,11174.7,800,0,0,13.8,57977,15.4,12.3,14.0,47.2,606.6,788.3
sequential_server,8,8,1.2,752.0,40699.9,1600,0,0,46.5,34398,28.3,12.6,54.2,65.8,85.9,102.3
threaded_server,1,1,0.6,174.8,467.7,200,0,0,2.7,72868,12.6,12.1,13.1,29.3,47.4,51.4
threaded_server,2,2,0.2,130.4,553.3,400,0,0,6.1,65976,20.4,12.8,39.7,95.8,565.5,705.2
threaded_server,4,4,1.8,233.7,590.0,800,0,0,10.1,79026,35.6,32.4,48.2,83.5,1187.2,1189.5
threaded_server,8,8,1.9,458.0,182.5,1600,0,0,15.5,103303,57.6,61.3,76.5,164.9,1499.3,1533.2
threaded_server,16,16,1.3,355.6,8416.8,3200,0,0,29.1,109968,103.8,123.4,147.4,234.5,544.1,615.9
threaded_server,32,32,3.1,569.4,33267.8,6400,0,0,79.8,80209,313.9,296.3,403.5,2000.5,3170.4,3788.2
threaded_server,64,64,9.7,5290.9,5157.6,12800,0,0,111.7,114582,492.4,499.0,579.8,864.0,2222.7,2428.0
threaded_server,128,128,1035.2,1024647.3,78465.2,25600,0,0,229.9,111339,1056.4,1068.5,1203.2,2656.6,3796.4,9593.8
threaded_server,256,256,1079.9,1070705.2,497726.9,51200,0,0,529.4,96721,1907.4,1903.1,3174.4,6544.5,10215.1,21384.9
threaded_server,512,512,1093.2,1044053.9,1012344.7,49000,53400,0,10393.0,4715,1689.3,1840.4,2132.1,3590.4,6678.4,12804.9
threaded_server,1024,1024,2139.9,2077100.4,751946.8,93600,111200,0,10204.4,9173,4129.1,3850.2,7053.4,13146.2,19933.0,78028.8
threadpool_server,1,1,0.2,99.6,42.3,200,0,0,9.3,21526,46.0,47.9,55.0,67.3,78.7,78.8
threadpool_server,2,2,1.5,132.4,1853.7,400,0,0,12.1,32988,41.3,12.7,50.7,816.7,1516.1,1610.9
threadpool_server,4,4,0.4,286.4,69.3,800,0,0,7.3,109010,32.3,28.9,46.0,90.5,911.1,1439.1
threadpool_server,8,8,0.6,238.7,5650.3,1600,0,0,11.3,141343,27.7,26.9,32.7,57.2,85.7,97.8
threadpool_server,16,16,0.9,358.6,20797.3,3200,0,0,24.4,131100,28.7,27.0,41.0,82.2,758.3,1491.2
threadpool_server,32,32,1.8,490.1,44155.1,6400,0,0,48.7,131502,29.4,13.7,44.8,109.9,752.8,1459.4
threadpool_server,64,64,6.0,3643.8,89442.8,12800,0,0,94.2,135824,28.8,26.7,43.0,84.7,344.9,1323.8
threadpool_server,128,128,14.5,11370.6,175759.4,25600,0,0,180.9,141536,27.8,27.2,42.7,71.0,179.3,859.0
threadpool_server,256,134,5019.3,5015470.3,207202.7,26800,24400,0,211.0,127015,31.1,28.7,43.3,75.8,526.1,1691.6
threadpool_server,512,134,5048.6,5022183.4,279733.4,26800,75600,0,283.9,94415,41.5,32.0,56.8,197.3,1610.0,3762.4
threadpool_server,1024,134,5101.8,5010582.1,213263.4,26800,178000,0,208.3,128644,31.4,27.7,42.2,70.1,675.6,21120.1
select_server,1,1,0.2,118.9,298.2,200,0,0,6.2,32412,28.9,15.6,41.1,91.0,1441.5,1767.8
select_server,2,2,0.2,126.8,372.8,400,0,0,4.3,93348,19.2,18.2,27.8,45.4,62.4,66.9
select_server,4,4,0.3,131.8,428.6,800,0,0,8.1,98833,29.3,26.2,36.6,61.8,359.5,1183.1
select_server,8,8,0.6,299.3,724.4,1600,0,0,17.5,91294,76.8,59.7,103.7,589.2,1339.4,1367.6
select_server,16,16,1.3,466.6,2540.0,3200,0,0,43.7,73157,203.3,201.5,269.9,733.6,1921.8,1936.3
select_server,32,32,2.2,750.2,2999.6,6400,0,0,57.1,112163,266.1,246.6,362.4,878.4,1673.6,2298.8
select_server,64,64,5.8,1804.0,2031.8,12800,0,0,110.9,115464,533.5,495.3,671.0,2092.5,2523.3,2743.0
select_server,128,128,15.7,10314.9,1769.0,25600,0,0,262.6,97489,1280.9,1193.2,1576.4,2972.0,4238.9,9216.2
select_server,256,256,1052.6,1046699.6,1024069.6,45600,5600,0,10238.2,4454,1677.9,1830.4,2103.9,3163.6,5157.3,6328.9
select_server,512,512,1071.3,1061987.7,1020483.3,61000,41400,0,10240.6,5957,2545.5,2652.9,2984.9,4543.6,6702.0,9689.8
select_server,1024,1024,1068.1,1049599.3,10623.1,77800,127000,0,10245.0,7594,4116.9,3745.0,5436.8,10285.6,16151.8,22979.4
epoll_server,1,1,0.2,111.9,266.9,200,0,0,9.6,20769,46.5,47.9,56.1,77.1,82.9,84.3
epoll_server,2,2,0.2,115.1,387.5,400,0,0,4.6,86405,21.0,19.9,31.5,49.1,56.4,57.2
epoll_server,4,4,0.3,150.9,516.3,800,0,0,10.6,75659,39.0,31.0,62.4,103.5,493.1,1812.4
epoll_server,8,8,1.1,215.4,688.6,1600,0,0,23.6,67668,96.6,78.2,122.0,832.5,1664.2,1694.1
epoll_server,16,16,1.0,499.2,1751.2,3200,0,0,30.1,106401,135.9,115.4,176.2,1040.5,2043.1,2084.7
epoll_server,32,32,2.6,875.9,3679.8,6400,0,0,64.6,99030,300.8,270.0,394.3,1416.0,2052.3,3229.8
epoll_server,64,64,9.0,5410.5,2453.8,12800,0,0,122.2,104711,600.1,561.4,734.8,1886.9,2807.0,3105.6
epoll_server,128,128,1047.0,1036255.6,16.1,25600,0,0,280.0,91430,1367.1,1184.1,1929.9,3584.0,5261.1,6141.3
epoll_server,256,256,1053.0,1044345.0,68717.8,51200,0,0,702.3,72904,3401.0,2691.8,5523.2,11480.7,30759.1,35290.9
epoll_server,512,512,1066.6,1052372.8,49541.9,48600,53800,0,10365.7,4689,3110.2,2436.8,5000.7,11397.6,22557.8,27378.6
epoll_server,1024,1024,1116.6,1066136.5,1085992.5,101800,103000,0,10185.8,9994,5395.9,5381.5,6748.7,8966.7,11788.0,14337.2
